{"AIR.DE": 0.013987000000000001, "ALV.DE": 0.015250999999999999, "BAS.DE": 0.001034, "BAYN.DE": 0.017473000000000002, "BEI.DE": -0.012215, "BMW.DE": -0.004743, "BNR.DE": -0.001474, "CBK.DE": 0.022532999999999997, "CON.DE": 0.0006169999999999999, "1COV.DE": -0.006031999999999999, "DTG.DE": 0.002787, "DBK.DE": 0.016774, "DB1.DE": 0.013344, "DPW.DE": -0.010910999999999999, "DTE.DE": 0.011412, "EOAN.DE": 0.007742, "FRE.DE": 0.021259, "FME.DE": 0.021662, "HNR1.DE": 0.017534, "HEI.DE": -0.003687, "HEN3.DE": 0.0062180000000000004, "IFX.DE": -0.005495, "MBG.DE": -0.008914, "MRK.DE": 0.010610999999999999, "MTX.DE": 0.015398, "MUV2.DE": 0.015394000000000001, "P911.DE": 0.0, "PAH3.DE": 0.001151, "QIA.DE": 0.000948, "RWE.DE": 0.019628, "SAP.DE": 0.006364999999999999, "SRT3.DE": 0.007939, "SIE.DE": -0.019592000000000002, "ENR.DE": -0.0033539999999999998, "SHL.DE": 0.008166, "SY1.DE": 0.039729, "VOW3.DE": -0.004997, "VNA.DE": 0.05950999999999999, "ZAL.DE": -0.009685000000000001}