{"AIR.DE": 0.034378, "ALV.DE": 0.012094, "BAS.DE": 0.014879999999999999, "BAYN.DE": 0.019979, "BEI.DE": 0.011712, "BMW.DE": 0.00951, "BNR.DE": 0.009185, "CBK.DE": 0.044679, "CON.DE": 0.0, "1COV.DE": -0.001092, "DTG.DE": 0.012132, "DBK.DE": 0.041978999999999995, "DB1.DE": 0.014483999999999999, "DPW.DE": 0.020440999999999997, "DTE.DE": 0.009593, "EOAN.DE": 0.016215999999999998, "FRE.DE": 0.003777, "FME.DE": 0.004582, "HNR1.DE": -0.0011899999999999999, "HEI.DE": 0.026076000000000002, "HEN3.DE": 0.004837, "IFX.DE": 0.022591, "MBG.DE": 0.014509000000000001, "MRK.DE": -0.0032379999999999996, "MTX.DE": 0.036463, "MUV2.DE": 0.007019999999999999, "P911.DE": 0.051422999999999996, "PAH3.DE": -0.012274, "QIA.DE": -0.007154000000000001, "RWE.DE": 0.024895999999999998, "SAP.DE": 0.024062999999999998, "SRT3.DE": 0.012135, "SIE.DE": 0.028093, "ENR.DE": 0.022727, "SHL.DE": 0.015529, "SY1.DE": 0.007056, "VOW3.DE": -0.01533, "VNA.DE": -0.0014860000000000001, "ZAL.DE": 0.019481}